Workbook

Sheet README
A1: Simulación de resultados – instrumentos de recolección
A3: Tema | B3: Análisis de prácticas de preservación forense de la información digital
A4: Institución de referencia | B4: Dirección de Sistemas de Información – MIDES
A5: Tipo de datos | B5: Simulados para fines académicos / hoja de trabajo
A6: Muestra simulada | B6: 10 participantes
A7: Instrumentos | B7: Entrevista semiestructurada y lista de verificación
A8: Fecha de generación | B8: 46165
A9: Nota | B9: Los datos no corresponden a una aplicación real; se utilizaron para demostrar ETL, tabulación y análisis.
A10: Uso sugerido | B10: Matriz base para gráficas, discusión de resultados y capítulo V.
A11: Carné | B11: 2693-19-244

Sheet Matriz_Checklist
A1: Encuestado | B1: Cargo | C1: Tipo de rol | D1: P1 Políticas / lineamientos de gestión y protección | E1: P2 Procedimientos documentados para generación/entrega de información | F1: P3 Controles de acceso a sistemas | G1: P4 Nivel de logs/auditoría para accesos o consultas | H1: P5 Documentación del origen de datos en reportes | I1: P6 Mecanismos de verificación de integridad | J1: P7 Políticas documentadas de administración de seguridad | K1: P8 Procedimientos de control de calidad de datos | L1: P9 Informes sobre calidad del dato
A2: E1 | B2: Programador de integración de datos | C2: Técnico | D2: Sí | E2: Sí | F2: Implementado | G2: Medio | H2: Cumple | I2: Medio | J2: Sí | K2: Sí | L2: Sí
A3: E2 | B3: Programador de programas sociales | C3: Técnico | D3: Sí | E3: Sí | F3: Implementado | G3: Medio | H3: Cumple | I3: Medio | J3: Sí | K3: Sí | L3: Sí
A4: E3 | B4: DBA | C4: Técnico | D4: Sí | E4: Sí | F4: Implementado | G4: Alto | H4: Cumple | I4: Alto | J4: Sí | K4: Sí | L4: Sí
A5: E4 | B5: DBA | C5: Técnico | D5: Sí | E5: Sí | F5: Implementado | G5: Alto | H5: Cumple | I5: Alto | J5: Sí | K5: Sí | L5: Sí
A6: E5 | B6: DBA | C6: Técnico | D6: Sí | E6: Sí | F6: Implementado | G6: Alto | H6: Cumple | I6: Alto | J6: Sí | K6: Sí | L6: Sí
A7: E6 | B7: Jefe de diseño de procesos | C7: Jefatura | D7: Sí | E7: Sí | F7: Parcialmente implementado | G7: Medio | H7: Cumple | I7: Medio | J7: Sí | K7: Sí | L7: Sí
A8: E7 | B8: Jefe de información social | C8: Jefatura | D8: Sí | E8: Sí | F8: Parcialmente implementado | G8: Medio | H8: Cumple | I8: Medio | J8: Sí | K8: Sí | L8: Sí
A9: E8 | B9: Jefe general del área | C9: Jefatura | D9: Sí | E9: Sí | F9: Implementado | G9: Medio | H9: Cumple | I9: Medio | J9: Sí | K9: Sí | L9: Sí
A10: E9 | B10: Administrativo de coordinación interinstitucional | C10: Administrativo | D10: Sí | E10: No | F10: Parcialmente implementado | G10: Medio | H10: No cumple | I10: Medio | J10: Sí | K10: No | L10: No
A11: E10 | B11: Administrativo de integración de datos | C11: Administrativo | D11: Sí | E11: No | F11: Parcialmente implementado | G11: Medio | H11: No cumple | I11: Medio | J11: Sí | K11: No | L11: No

Sheet Codificacion
A1: Tipo de escala | B1: Respuesta | C1: Código | D1: Interpretación
A2: Binaria | B2: Sí | C2: 1 | D2: Cumplimiento
A3: Binaria | B3: No | C3: 0 | D3: No cumplimiento
A4: Implementación | B4: Implementado | C4: 2 | D4: Cumplimiento alto
A5: Implementación | B5: Parcialmente implementado | C5: 1 | D5: Cumplimiento parcial
A6: Implementación | B6: No implementado | C6: 0 | D6: No cumplimiento
A7: Nivel | B7: Alto | C7: 2 | D7: Nivel alto
A8: Nivel | B8: Medio | C8: 1 | D8: Nivel medio
A9: Nivel | B9: Bajo | C9: 0 | D9: Nivel bajo
A10: Cumplimiento | B10: Cumple | C10: 1 | D10: Cumplimiento
A11: Cumplimiento | B11: No cumple | C11: 0 | D11: No cumplimiento

Sheet Tabulacion_Checklist
A1: Pregunta | B1: Categoría | C1: Frecuencia | D1: Porcentaje
A2: P1 Políticas / lineamientos | B2: Sí | C2: =COUNTIF(Matriz_Checklist!$D$2:$D$11,B2) -> 10 | D2: =C2/COUNTA(Matriz_Checklist!$D$2:$D$11) -> 1
A3: P1 Políticas / lineamientos | B3: No | C3: =COUNTIF(Matriz_Checklist!$D$2:$D$11,B3) -> 0 | D3: =C3/COUNTA(Matriz_Checklist!$D$2:$D$11) -> 0
A4: P2 Procedimientos documentados | B4: Sí | C4: =COUNTIF(Matriz_Checklist!$E$2:$E$11,B4) -> 8 | D4: =C4/COUNTA(Matriz_Checklist!$E$2:$E$11) -> 0.8
A5: P2 Procedimientos documentados | B5: No | C5: =COUNTIF(Matriz_Checklist!$E$2:$E$11,B5) -> 2 | D5: =C5/COUNTA(Matriz_Checklist!$E$2:$E$11) -> 0.2
A6: P3 Controles de acceso | B6: Implementado | C6: =COUNTIF(Matriz_Checklist!$F$2:$F$11,B6) -> 6 | D6: =C6/COUNTA(Matriz_Checklist!$F$2:$F$11) -> 0.6
A7: P3 Controles de acceso | B7: Parcialmente implementado | C7: =COUNTIF(Matriz_Checklist!$F$2:$F$11,B7) -> 4 | D7: =C7/COUNTA(Matriz_Checklist!$F$2:$F$11) -> 0.4
A8: P3 Controles de acceso | B8: No implementado | C8: =COUNTIF(Matriz_Checklist!$F$2:$F$11,B8) -> 0 | D8: =C8/COUNTA(Matriz_Checklist!$F$2:$F$11) -> 0
A9: P4 Logs/auditoría | B9: Alto | C9: =COUNTIF(Matriz_Checklist!$G$2:$G$11,B9) -> 3 | D9: =C9/COUNTA(Matriz_Checklist!$G$2:$G$11) -> 0.3
A10: P4 Logs/auditoría | B10: Medio | C10: =COUNTIF(Matriz_Checklist!$G$2:$G$11,B10) -> 7 | D10: =C10/COUNTA(Matriz_Checklist!$G$2:$G$11) -> 0.7
A11: P4 Logs/auditoría | B11: Bajo | C11: =COUNTIF(Matriz_Checklist!$G$2:$G$11,B11) -> 0 | D11: =C11/COUNTA(Matriz_Checklist!$G$2:$G$11) -> 0
A12: P5 Origen de datos | B12: Cumple | C12: =COUNTIF(Matriz_Checklist!$H$2:$H$11,B12) -> 8 | D12: =C12/COUNTA(Matriz_Checklist!$H$2:$H$11) -> 0.8
A13: P5 Origen de datos | B13: No cumple | C13: =COUNTIF(Matriz_Checklist!$H$2:$H$11,B13) -> 2 | D13: =C13/COUNTA(Matriz_Checklist!$H$2:$H$11) -> 0.2
A14: P6 Verificación de integridad | B14: Alto | C14: =COUNTIF(Matriz_Checklist!$I$2:$I$11,B14) -> 3 | D14: =C14/COUNTA(Matriz_Checklist!$I$2:$I$11) -> 0.3
A15: P6 Verificación de integridad | B15: Medio | C15: =COUNTIF(Matriz_Checklist!$I$2:$I$11,B15) -> 7 | D15: =C15/COUNTA(Matriz_Checklist!$I$2:$I$11) -> 0.7
A16: P6 Verificación de integridad | B16: Bajo | C16: =COUNTIF(Matriz_Checklist!$I$2:$I$11,B16) -> 0 | D16: =C16/COUNTA(Matriz_Checklist!$I$2:$I$11) -> 0
A17: P7 Seguridad de sistemas | B17: Sí | C17: =COUNTIF(Matriz_Checklist!$J$2:$J$11,B17) -> 10 | D17: =C17/COUNTA(Matriz_Checklist!$J$2:$J$11) -> 1
A18: P7 Seguridad de sistemas | B18: No | C18: =COUNTIF(Matriz_Checklist!$J$2:$J$11,B18) -> 0 | D18: =C18/COUNTA(Matriz_Checklist!$J$2:$J$11) -> 0
A19: P8 Calidad de datos | B19: Sí | C19: =COUNTIF(Matriz_Checklist!$K$2:$K$11,B19) -> 8 | D19: =C19/COUNTA(Matriz_Checklist!$K$2:$K$11) -> 0.8
A20: P8 Calidad de datos | B20: No | C20: =COUNTIF(Matriz_Checklist!$K$2:$K$11,B20) -> 2 | D20: =C20/COUNTA(Matriz_Checklist!$K$2:$K$11) -> 0.2
A21: P9 Informes de calidad | B21: Sí | C21: =COUNTIF(Matriz_Checklist!$L$2:$L$11,B21) -> 8 | D21: =C21/COUNTA(Matriz_Checklist!$L$2:$L$11) -> 0.8
A22: P9 Informes de calidad | B22: No | C22: =COUNTIF(Matriz_Checklist!$L$2:$L$11,B22) -> 2 | D22: =C22/COUNTA(Matriz_Checklist!$L$2:$L$11) -> 0.2

Sheet Indicadores
A1: Dimensión | B1: Resultado favorable | C1: Total | D1: Porcentaje favorable
A2: Políticas / lineamientos | B2: =COUNTIF(Matriz_Checklist!D2:D11,"Sí") -> 10 | C2: =COUNTA(Matriz_Checklist!D2:D11) -> 10 | D2: =B2/C2 -> 1
A3: Procedimientos documentados | B3: =COUNTIF(Matriz_Checklist!E2:E11,"Sí") -> 8 | C3: =COUNTA(Matriz_Checklist!E2:E11) -> 10 | D3: =B3/C3 -> 0.8
A4: Controles de acceso | B4: =COUNTIF(Matriz_Checklist!F2:F11,"Implementado") -> 6 | C4: =COUNTA(Matriz_Checklist!F2:F11) -> 10 | D4: =B4/C4 -> 0.6
A5: Logs/auditoría | B5: =COUNTIF(Matriz_Checklist!G2:G11,"Alto") -> 3 | C5: =COUNTA(Matriz_Checklist!G2:G11) -> 10 | D5: =B5/C5 -> 0.3
A6: Origen de datos | B6: =COUNTIF(Matriz_Checklist!H2:H11,"Cumple") -> 8 | C6: =COUNTA(Matriz_Checklist!H2:H11) -> 10 | D6: =B6/C6 -> 0.8
A7: Verificación de integridad | B7: =COUNTIF(Matriz_Checklist!I2:I11,"Alto") -> 3 | C7: =COUNTA(Matriz_Checklist!I2:I11) -> 10 | D7: =B7/C7 -> 0.3
A8: Seguridad de sistemas | B8: =COUNTIF(Matriz_Checklist!J2:J11,"Sí") -> 10 | C8: =COUNTA(Matriz_Checklist!J2:J11) -> 10 | D8: =B8/C8 -> 1
A9: Control calidad de datos | B9: =COUNTIF(Matriz_Checklist!K2:K11,"Sí") -> 8 | C9: =COUNTA(Matriz_Checklist!K2:K11) -> 10 | D9: =B9/C9 -> 0.8
A10: Informes calidad del dato | B10: =COUNTIF(Matriz_Checklist!L2:L11,"Sí") -> 8 | C10: =COUNTA(Matriz_Checklist!L2:L11) -> 10 | D10: =B10/C10 -> 0.8

Sheet Matriz_Entrevistas
A1: Encuestado | B1: Cargo | C1: Tipo de rol | D1: Políticas/lineamientos | E1: Comunicación | F1: Controles de integridad | G1: Origen/fuente de datos | H1: Logs y auditoría | I1: Medidas contra modificaciones | J1: Verificación de inconsistencias | K1: Prácticas importantes sugeridas | L1: Hallazgo sintético
A2: E1 | B2: Programador de integración de datos | C2: Técnico | D2: Reconoce lineamientos generales de seguridad. | E2: Reuniones técnicas, correos y lineamientos internos. | F2: Validaciones en sistemas, perfiles de usuario y controles de acceso. | G2: Identifica fuente y consultas usadas en integraciones/reportes. | H2: Logs en sistemas de integración y bases de datos. | I2: Permisos restringidos y validaciones internas. | J2: Revisión contra fuentes oficiales. | K2: Fortalecer auditoría y trazabilidad de consultas. | L2: Controles técnicos funcionales, con oportunidad de mayor formalización.
A3: E2 | B3: Programador de programas sociales | C3: Técnico | D3: Identifica políticas básicas de seguridad. | E3: Reuniones y comunicación interna. | F3: Credenciales individuales y validaciones de sistema. | G3: Validación de procedencia de datos. | H3: Bitácoras en algunos sistemas. | I3: Permisos según funciones. | J3: Validaciones cuando hay inconsistencias. | K3: Mayor monitoreo y documentación técnica. | L3: Buenas prácticas operativas, pero documentación parcial.
A4: E3 | B4: DBA | C4: Técnico | D4: Lineamientos de administración y protección de datos. | E4: Memorandos y lineamientos técnicos. | F4: Respaldos, accesos y monitoreo de cambios. | G4: Identificación de base y consulta empleada. | H4: Registros de actividad y auditoría. | I4: Roles y restricciones administrativas. | J4: Validación desde fuentes oficiales. | K4: Formalización documental y trazabilidad institucional. | L4: Fuerte control técnico desde bases de datos.
A5: E4 | B5: DBA | C5: Técnico | D5: Políticas institucionales de seguridad informática. | E5: Reuniones técnicas y comunicación institucional. | F5: Autenticación y monitoreo de accesos. | G5: Registro general de fuente utilizada. | H5: Logs en servidores y sistemas críticos. | I5: Restricción de permisos y monitoreo. | J5: Revisiones técnicas ante inconsistencias. | K5: Mantener respaldos y auditoría. | L5: Control técnico alto; procesos documentales mejorables.
A6: E5 | B6: DBA | C6: Técnico | D6: Lineamientos generales de protección. | E6: Correos institucionales y lineamientos internos. | F6: Controles de acceso y monitoreo de actividad. | G6: Rastreo de información hasta fuente institucional. | H6: Registros de actividad en sistemas críticos. | I6: Validaciones administrativas y técnicas. | J6: Verificación en bases institucionales. | K6: Fortalecer preservación digital. | L6: Trazabilidad técnica disponible, con necesidad de estandarización.
A7: E6 | B7: Jefe de diseño de procesos | C7: Jefatura | D7: Políticas de gestión y protección de información. | E7: Procedimientos internos y reuniones. | F7: Controles de acceso y validaciones institucionales. | G7: Procedimientos parciales de trazabilidad. | H7: Registros en algunos sistemas. | I7: Controles administrativos y validaciones. | J7: Revisión técnica e institucional. | K7: Estandarización de procesos. | L7: Existe enfoque de proceso, aunque no todo está formalizado.
A8: E7 | B8: Jefe de información social | C8: Jefatura | D8: Lineamientos de seguridad de información institucional. | E8: Reuniones y lineamientos internos. | F8: Validación antes de compartir información. | G8: Control del origen de información para reportes. | H8: Algunos mecanismos de registro requieren fortalecimiento. | I8: Restricción de accesos y validación previa. | J8: Revisión de procedencia de datos. | K8: Auditorías y trazabilidad institucional. | L8: Alta conciencia de trazabilidad para información social.
A9: E8 | B9: Jefe general del área | C9: Jefatura | D9: Políticas institucionales de protección digital. | E9: Lineamientos institucionales y supervisión. | F9: Controles técnicos y administrativos. | G9: Procedimientos para generación y validación. | H9: Registros en sistemas principales. | I9: Perfiles de acceso y validaciones. | J9: Revisión y validación institucional. | K9: Preservación y auditoría digital. | L9: Visión estratégica con necesidad de fortalecimiento integral.
A10: E9 | B10: Administrativo de coordinación interinstitucional | C10: Administrativo | D10: Lineamientos de manejo de información institucional. | E10: Instrucciones administrativas y reuniones. | F10: Revisión antes de compartir información. | G10: Control documental parcial por oficios y áreas. | H10: Registros dependen del sistema usado. | I10: Autorización de accesos y validaciones. | J10: Solicitud de revisión ante inconsistencias. | K10: Coordinación y documentación institucional. | L10: Predominan controles administrativos y trazabilidad documental.
A11: E10 | B11: Administrativo de integración de datos | C11: Administrativo | D11: Políticas básicas de protección de información. | E11: Lineamientos internos y comunicación institucional. | F11: Validaciones antes de compartir información. | G11: Identificación general de fuente de datos. | H11: Ciertos registros de actividad en plataformas. | I11: Restricción de accesos y validaciones. | J11: Revisión previa a remisión oficial. | K11: Mejorar documentación y trazabilidad. | L11: Control administrativo funcional, con brechas documentales.

Sheet Categorias_Cualitativas
A1: Categoría de análisis | B1: Frecuencia de mención | C1: Porcentaje | D1: Interpretación
A2: Controles de acceso/perfiles | B2: 10 | C2: =B2/10 -> 1 | D2: Todos los perfiles mencionan accesos y permisos como control principal.
A3: Logs/bitácoras/auditoría | B3: 9 | C3: =B3/10 -> 0.9 | D3: Existe capacidad de rastreo, especialmente en sistemas críticos.
A4: Documentación/trazabilidad parcial | B4: 8 | C4: =B4/10 -> 0.8 | D4: La brecha principal se ubica en formalización documental.
A5: Validación contra fuentes oficiales | B5: 10 | C5: =B5/10 -> 1 | D5: La fuente institucional se usa para validar reportes e inconsistencias.
A6: Necesidad de estandarización | B6: 7 | C6: =B6/10 -> 0.7 | D6: Se requiere fortalecer procedimientos transversales.
A7: Capacitación/fortalecimiento técnico | B7: 4 | C7: =B7/10 -> 0.4 | D7: Aparece como recomendación complementaria.

Sheet Dashboard
A1: Dashboard de resultados simulados
A3: Participantes | B3: 10
A4: Perfiles técnicos | B4: =COUNTIF(Matriz_Checklist!C2:C11,"Técnico") -> 5
A5: Jefaturas | B5: =COUNTIF(Matriz_Checklist!C2:C11,"Jefatura") -> 3
A6: Administrativos | B6: =COUNTIF(Matriz_Checklist!C2:C11,"Administrativo") -> 2
A7: Resultado clave | B7: Controles técnicos altos; documentación y trazabilidad requieren fortalecimiento.
A10: Dimensión | B10: Favorable | C10: Total | D10: % Favorable | F10: Hallazgo cualitativo | G10: Frecuencia | H10: Porcentaje
A11: =Indicadores!A2 -> Políticas / lineamientos | B11: =Indicadores!B2 -> 10 | C11: =Indicadores!C2 -> 10 | D11: =Indicadores!D2 -> 1 | F11: =Categorias_Cualitativas!A2 -> Controles de acceso/perfiles | G11: =Categorias_Cualitativas!B2 -> 10 | H11: =Categorias_Cualitativas!C2 -> 1
A12: =Indicadores!A3 -> Procedimientos documentados | B12: =Indicadores!B3 -> 8 | C12: =Indicadores!C3 -> 10 | D12: =Indicadores!D3 -> 0.8 | F12: =Categorias_Cualitativas!A3 -> Logs/bitácoras/auditoría | G12: =Categorias_Cualitativas!B3 -> 9 | H12: =Categorias_Cualitativas!C3 -> 0.9
A13: =Indicadores!A4 -> Controles de acceso | B13: =Indicadores!B4 -> 6 | C13: =Indicadores!C4 -> 10 | D13: =Indicadores!D4 -> 0.6 | F13: =Categorias_Cualitativas!A4 -> Documentación/trazabilidad parcial | G13: =Categorias_Cualitativas!B4 -> 8 | H13: =Categorias_Cualitativas!C4 -> 0.8
A14: =Indicadores!A5 -> Logs/auditoría | B14: =Indicadores!B5 -> 3 | C14: =Indicadores!C5 -> 10 | D14: =Indicadores!D5 -> 0.3 | F14: =Categorias_Cualitativas!A5 -> Validación contra fuentes oficiales | G14: =Categorias_Cualitativas!B5 -> 10 | H14: =Categorias_Cualitativas!C5 -> 1
A15: =Indicadores!A6 -> Origen de datos | B15: =Indicadores!B6 -> 8 | C15: =Indicadores!C6 -> 10 | D15: =Indicadores!D6 -> 0.8 | F15: =Categorias_Cualitativas!A6 -> Necesidad de estandarización | G15: =Categorias_Cualitativas!B6 -> 7 | H15: =Categorias_Cualitativas!C6 -> 0.7
A16: =Indicadores!A7 -> Verificación de integridad | B16: =Indicadores!B7 -> 3 | C16: =Indicadores!C7 -> 10 | D16: =Indicadores!D7 -> 0.3 | F16: =Categorias_Cualitativas!A7 -> Capacitación/fortalecimiento técnico | G16: =Categorias_Cualitativas!B7 -> 4 | H16: =Categorias_Cualitativas!C7 -> 0.4
A17: =Indicadores!A8 -> Seguridad de sistemas | B17: =Indicadores!B8 -> 10 | C17: =Indicadores!C8 -> 10 | D17: =Indicadores!D8 -> 1
A18: =Indicadores!A9 -> Control calidad de datos | B18: =Indicadores!B9 -> 8 | C18: =Indicadores!C9 -> 10 | D18: =Indicadores!D9 -> 0.8
A19: =Indicadores!A10 -> Informes calidad del dato | B19: =Indicadores!B10 -> 8 | C19: =Indicadores!C10 -> 10 | D19: =Indicadores!D10 -> 0.8

Sheet Analisis_Discusion
A1: Borrador de análisis y discusión de resultados
A3: Análisis estadístico | B3: Los resultados simulados evidencian que la totalidad de participantes reconoce la existencia de políticas o lineamientos vinculados con la gestión y protección de la información digital. Asimismo, se observa un cumplimiento alto en administración de seguridad de sistemas. Sin embargo, los procedimientos documentados para generación y entrega de información, así como el control de calidad de datos, presentan menor consistencia en los perfiles administrativos, lo que refleja una brecha de formalización documental.
A4: Controles técnicos | B4: Los controles de acceso aparecen como una práctica ampliamente implementada, especialmente en perfiles técnicos como programadores y DBA. Las respuestas muestran uso de credenciales, perfiles, roles, permisos y monitoreo. Esto sugiere una base técnica favorable para proteger la información digital institucional.
A5: Trazabilidad y logs | B5: La generación de logs y bitácoras se identifica principalmente en sistemas críticos, bases de datos y plataformas de integración. No obstante, la implementación no es homogénea en todos los procesos, por lo que la trazabilidad institucional puede depender del sistema utilizado y del nivel de documentación del procedimiento.
A6: Discusión | B6: La triangulación entre checklist y entrevista permite afirmar que existen controles técnicos y administrativos funcionales; sin embargo, persisten oportunidades de mejora en documentación, estandarización y preservación forense digital. La hipótesis se sostiene de manera preliminar, debido a que un mayor nivel de implementación de prácticas de preservación forense favorece la integridad y trazabilidad de la información digital.
A7: Cumplimiento de objetivos | B7: La simulación permitió identificar prácticas existentes, evaluar el nivel de implementación de controles y reconocer brechas vinculadas con trazabilidad, auditoría y calidad del dato. Estos hallazgos aportan insumos para el capítulo V de análisis y discusión de resultados.
